Id,Country,Category,TrendTitle
1,CA,Health,Fungus Fungal meningitis Mexico
2,CA,Health,Vascular anomaly Genetics Genetic variation
3,CA,Health,Dietary supplement Erectile dysfunction
4,CA,Health,Exercise Physical fitness
5,CA,Health,Oklahoma City Dog Canine influenza
6,CA,Health,Inflammatory bowel disease Crohn's disease
7,CA,Health,Ageing Depression Research Medicine
8,CA,Health,Human papillomavirus infection Papillomaviruses
9,CA,Health,3D printing Organ Neoplasm Robot-assisted surgery
10,CA,Health,Brain Inflammation Encephalitis Depression
11,CA,Health,Lung Inflammation Medicine Injury
12,CA,Health,Estrogen Hypertension Menopause
13,CA,Health,Medicine ProCure Proton Therapy Center
14,CA,Health,Yoga Medicine Oncology
15,CA,Health,Mpox Milwaukee Virus Medicine
16,CA,Health,Disease outbreak Canada Pandemic
17,CA,Health,The Silver Tsunami Oncology Colorectal cancer
18,CA,Health,Mpox Sri Lanka Medicine Health care
19,CA,Health,Libido Testosterone Nutrient Dietary supplement
20,CA,Health,Mental health Psychiatry Mental disorder
21,CA,Health,Hyperpigmentation Liver spot Skin
22,CA,Health,Dementia Vaccine Zoster vaccine
23,CA,Health,Diabetes Type 1 diabetes Medicine
24,CA,Health,Mosquito Insects
25,CA,Health,Bone tumor Neoplasm Sarcoma
26,CA,Health,Alzheimer's disease Artificial intelligence
27,CA,Health,Yoga Wrinkle Exercise
28,CA,Health,Chronic Obstructive Pulmonary Disease
29,CA,Health,Metabolism Dietary supplement Weight loss
30,CA,Health,Skin condition Medicine Skin rash
31,CA,Business,Bank of Canada - Banque du Canada
32,CA,Business,CNN Chris Licht Chief Executive Officer
33,CA,Business,Interest rate Automotive industry 
34,CA,Business,The Boppy Company LLC Boppy Product recall
35,CA,Business,Trulioo Know your customer KYB Corporation
36,CA,Business,Finance Bond Fixed income Emerging market
37,CA,Business,Air quality index Wildfire Rochester
38,CA,Business,Hologic Research Analysis
39,CA,Business,CAC 40 Bank of Canada - Banque du Canada
40,CA,Business,Cleanroom Industry Forecasting 
41,CA,Business,Finance Revenue Computer security
42,CA,Business,Beef Export Australia Lamb and mutton
43,CA,Business,BC Ferries British Columbia Buffet
44,CA,Business,Federal Reserve System Jerome Powell
45,CA,Business,United Natural Foods NYSE:UNFI The New York Stock Exchange (NYSE)
46,CA,Business,Alan Joyce Qantas Chief Executive Officer
47,CA,Business,Synchronous condenser Market research
48,CA,Business,Semiconductor Semiconductor industry
49,CA,Business,Axle counter Market analysis Speedo
50,CA,Business,Legal financing Finance Burford Capital
51,CA,Business,"Sturm, Ruger Industry Compound annual growth rate"
52,CA,Business,Uveal melanoma Cemiplimab Glioma
53,CA,Business,Floating production storage and offloading
54,CA,Business,Affiliate marketing Shopify Software
55,CA,Business,Kenneth Rogoff Harvard University
56,CA,Business,Automation Neopost Industry
57,CA,Business,Meta Washington Cambridge Analytica
58,CA,Business,"Asana, Inc. Artificial intelligence Project management"
59,CA,Business,Pyrometer Forecasting Industry 
60,CA,Business,2030 Industry Market research
61,CA,Business,Analysis Industry
62,CA,Business,Mortgage loan Commercial property
63,CA,Business,Market research Forecasting Aryzta
64,CA,Business,Toyota Prius 24 Hours of Le Mans 
65,CA,Business,Farmers Insurance Group Employee
66,CA,Business,Breast cancer Research
67,CA,Business,Armani Sustainability Italy Organic cotton
68,CA,Business,Europe Sustainability
69,CA,Business,Bristol Myers Squibb Roche Holding AG
70,CA,Business,L'Oréal Biotechnology Venture capital
71,CA,Business,Procurement Resource Petroleum 
72,CA,Business,Vaxart Nasdaq NASDAQ:VXRT Finance
73,CA,Business,Software 2023
74,CA,Business,Industry Forecasting Market research
75,CA,Business,Sodium-ion battery Sodium Aluminium foil
76,CA,Business,Bearing SKF Industry
77,CA,Business,Paper bag Forecasting 2030
78,CA,Business,CohBar Cancer vaccine Vaccine 
79,CA,Business,G-III Apparel Group NASDAQ:GIII 
80,CA,Business,Investment banking JPMorgan Chase
81,CA,Business,Lululemon Athletica Employee Calvin McDonald
82,CA,Business,Tonic water Fentimans Market research
83,CA,Business,Debt Finance Interest rate
84,CA,Business,OTCMKTS:ILUS The New York Stock Exchange (NYSE)
85,CA,Business,Reserve Bank of Australia Australia
86,CA,Business,Solder paste 2030 Industry Forecasting
87,CA,Business,Research Industry Report
88,CA,Business,Cardiac resynchronization therapy 
89,CA,Business,Canada Post Small business
90,CA,Business,Zimbabwe Reserve Bank of Zimbabwe
91,CA,Business,Vascular bypass Vascular surgery 
92,CA,Business,Industry Forecasting 2030
93,CA,Business,Industry Report
94,CA,Business,Reach Out Centre Food Bank (Port Cares)
95,CA,Business,Industry Dow Jones & Company Logistics
96,CA,Business,Big Five banks of Canada Mortgage loan
97,CA,Business,Dollar General The New York Stock Exchange (NYSE)
98,CA,Business,British Columbia Human rights Mineral
99,CA,Business,Bangko Sentral ng Pilipinas Central bank
100,CA,Business,Finance Hospitality industry Construction
101,CA,Business,Plastic Industry
102,CA,Business,Forecasting Research Industry 2030
103,CA,Business,Alabama Economic development 
104,CA,Business,Martha Stewart Remote work Employee
105,CA,Business,Low-code development platform Software development
106,CA,Business,Altria NJOY NYSE:MO Electronic cigarette
107,CA,Business,Electronic control unit Automotive industry
108,CA,Business,Aston Martin Lawrence S. Stroll Lagonda
109,CA,Business,Hemostat Johnson & Johnson Pfizer
110,CA,Business,"International Flavors & Fragrances, Inc."
111,CA,Business,Unmanned aerial vehicle Industry
112,CA,Business,Jaguar E-Type Electric vehicle Electric vehicle conversion
113,CA,Business,Annotation Forecasting Industry
114,CA,Business,TSMC Germany Taiwan Mark Liu
115,CA,Business,Water jet cutter Forecasting Analysis
116,CA,Business,Non-fungible token Cryptocurrency
117,CA,Business,Fundraising 2030 Software Forecasting
118,CA,Business,2030 Industry Analysis
119,CA,Business,Business intelligence Software 2030
120,CA,Business,Canada Henry's Mergers and acquisitions
121,CA,Business,Cultured meat Meat analogue Plant-based diet
122,CA,Business,Report Market research Forecasting
123,CA,Business,Stratasys 3D Systems 3D printing 
124,CA,Business,Welded wire mesh Welding Industry
125,CA,Business,Revenue Europe 2028 Monty Sarhan
126,CA,Business,Payroll Software
127,CA,Business,Pain management Forecasting Research
128,CA,Business,McDonald's Quarter Pounder Bacon
129,CA,Business,2030 Industry De-icing Market research
130,CA,Business,Eurex Exchange Derivative Clearing
131,CA,Business,Wave power Infrastructure Jacobs Solutions
132,CA,Business,Hydrogen India Steel Renewable energy
133,CA,Business,Mineral water Mineral Industry
134,CA,Business,Reserve Bank of Australia Australia
135,CA,Business,OSS/BSS Operations support system
136,CA,Business,Dollarama Canada Inflation
137,CA,Business,Fluorocarbon Report Per- and polyfluoroalkyl substances
138,CA,Business,Petroleum Energy Information Administration
139,CA,Business,3D printing Manufacturing
140,CA,Business,Enterprise resource planning Process manufacturing
141,CA,Business,Australia Online casino Gambling
142,CA,Business,Thermoelectric effect Thermoelectric generator
143,CA,Business,Foodservice Industry
144,CA,Business,Human papillomavirus infection Pap test
145,CA,Business,Supply chain Federal Reserve System
146,CA,Business,Employee Survey Remote work
147,CA,Business,Research Pharmaceutical industry 
148,CA,Business,Surgical lighting Steris Maquet Industry
149,CA,Business,Robert Bosch Industry Denso Continental AG
150,CA,Business,Airline seat
151,CA,Business,AerCap Bond U.S. Securities and Exchange Commission
152,CA,Business,Air knife Forecasting Industry
153,CA,Business,Business continuity planning Risk management
154,CA,Business,Skillsoft Earnings The New York Stock Exchange (NYSE)
155,CA,Business,Digital signature Software Electronic signature
156,CA,Business,Report Fresnel lens Market research
157,CA,Business,Forecasting Industry
158,CA,Business,Microbiology Quidel Corporation Hologic
159,CA,Business,Petroleum industry North Sea oil Mergers and acquisitions
160,CA,Business,Cryptocurrency Internet meme
161,CA,Business,Iron ore Forecasting 2030 Market research
162,CA,Business,Night-vision device Industry Research
163,CA,Business,Balance of trade Deficit spending 
164,CA,Entertainment,Susan Boyle Britain's Got Talent
165,CA,Entertainment,Don Lemon CNN Chris Licht Chief Executive Officer
166,CA,Entertainment,Enrique Iglesias Ricky Martin Pitbull
167,CA,Entertainment,Pete Davidson People for the Ethical Treatment of Animals
168,CA,Entertainment,Netflix Jenna Ortega Wednesday Addams
169,CA,Entertainment,Just for Laughs Comedy Festival Toronto
170,CA,Entertainment,Billy Joel Madison Square Garden 
171,CA,Entertainment,Chris Hemsworth Mad Max: Fury Road
172,CA,Entertainment,Roger Waters Pink Floyd Antisemitism
173,CA,Entertainment,Spirit Halloween Horror Pennywise
174,CA,Entertainment,Michel Côté Quebec
175,CA,Entertainment,Supergirl The Flash DC Extended Universe
176,CA,Entertainment,It Wasn't Me Shaggy Cheating in a relationship
177,CA,Entertainment,Rachel Brosnahan Kate Spade The Marvelous Mrs. Maisel
178,CA,Entertainment,Michael J. Fox Museum of the Moving Image
179,CA,Entertainment,Randy Orton Professional wrestling
180,CA,Entertainment,Anime Mr. Osomatsu Theme music
181,CA,Entertainment,Drake Lil Yachty
182,CA,Entertainment,Drake Nail polish
183,CA,Entertainment,Janelle Monáe Concert tour
184,CA,Entertainment,Jennifer Aniston Instagram Friends
185,CA,Entertainment,Elizabeth Hurley Elton John Instagram
186,CA,Entertainment,Anime Neon Genesis Evangelion
187,CA,Entertainment,Lizzo Twitter
188,CA,Entertainment,Emmy Rossum Tom Holland The Crowded Room
189,CA,Entertainment,Théâtre Capitol Theatre Moncton
190,CA,Entertainment,Sofía Vergara Joe Manganiello Beverly Hills
191,CA,Entertainment,Black Mirror Netflix Anthology series
192,CA,Entertainment,Burden of proof HBO
193,CA,Entertainment,Grey's Anatomy Ellen Pompeo Katherine Heigl
194,CA,Entertainment,Literature Indigenous peoples
195,CA,Entertainment,Kaley Cuoco Accident The Big Bang Theory
196,CA,Entertainment,Star Trek: The Original Series Anson Mount
197,CA,Entertainment,Carly Rae Jepsen Los Angeles New York
198,CA,Entertainment,Soap opera The British Soap Award for Best British Soap
199,CA,Entertainment,Penn Badgley New York Catskill Mountains
200,CA,Entertainment,Kaley Cuoco Chris Messina True crime
201,CA,Entertainment,RuPaul's Drag Race France 2 Drag queen
202,CA,Entertainment,Kelsea Ballerini Chase Stokes Kenny Chesney
203,CA,Entertainment,Kenny Omega Jon Moxley Steel Cage
204,CA,Entertainment,Dwayne Johnson Calorie WWE Physical fitness
205,CA,Entertainment,Netflix Jennifer Lopez Action Martin Scorsese
206,CA,Entertainment,Padre Pio Shia LaBeouf Catholic Church
207,CA,Entertainment,The Crowded Room Tom Holland Amanda Seyfried
208,CA,Entertainment,Emmy Awards Pedro Pascal Selena Gomez
209,CA,Entertainment,Françoise Gilot Pablo Picasso Painter
210,CA,Entertainment,Barbie Greta Gerwig Margot Robbie
211,CA,Entertainment,Festival of the Arts Grand Rapids 2023
212,CA,Entertainment,Netflix We're the Millers The Godfather
213,CA,Entertainment,Dalíland Mary Harron Salvador Dalí
214,CA,Entertainment,Shannen Doherty Breast cancer Radiation therapy
215,CA,Entertainment,WWE Monday Night RAW Trish Stratus
216,CA,Entertainment,John Cena WWE
217,CA,Entertainment,Chanel Tweed 2023
218,CA,Entertainment,Harrison Ford Brad Pitt The Devil's Own
219,CA,Entertainment,Nick Cannon Presents: Wild 'n Out D.C. Young Fly
220,CA,Entertainment,Ari Aster A24 Blu-ray disc Horror
221,CA,Entertainment,Grand Rapids Michigan
222,CA,Entertainment,Amber Heard Johnny Depp Aquaman
223,CA,Entertainment,Festival international de la chanson de Granby
224,CA,Entertainment,EastEnders Stacey Slater Lily Branning
225,CA,Entertainment,Bill Cosby Playboy
226,CA,Entertainment,Lizzo Cher Halo Beyoncé Music video
227,CA,Entertainment,Bag Discounts and allowances
228,CA,Entertainment,Heidi Montag Kristin Cavallari The Hills
229,CA,Entertainment,Netflix We're the Millers Jennifer Aniston
230,CA,Entertainment,The Girl from Ipanema Astrud Gilberto
231,CA,Entertainment,Matthew Morrison Christmas Jen Lilley
232,CA,Entertainment,Elle Fanning
233,CA,Entertainment,Kylie Jenner Instagram
234,CA,Entertainment,HBO Discovery
235,CA,Entertainment,American Ninja Warrior NBC
236,CA,Entertainment,Hip hop music New York
237,CA,Entertainment,Netflix 3%
238,CA,Entertainment,The Weeknd Madonna Playboi Carti
239,CA,Entertainment,New Japan Pro-Wrestling Professional wrestling
240,CA,Entertainment,A Grand Night for Singing Musical theatre
241,CA,Entertainment,Arnold Schwarzenegger Danny DeVito
242,CA,Entertainment,Outlander Sam Heughan Caitriona Balfe
243,CA,Entertainment,Morgan Wallen Country music Big Loud
244,CA,Entertainment,Sylvester Stallone Rambo Action
245,CA,Entertainment,Françoise Gilot Pablo Picasso Painter
246,CA,Entertainment,HBO Matthew Rhys
247,CA,Entertainment,Tribeca Festival 2023 Film festival
248,CA,Entertainment,Philadelphia James Beard Foundation Award
249,CA,Entertainment,Queer Good Morning America Identity
250,CA,Entertainment,William H. Macy Shameless Law
251,CA,Entertainment,90 Day Fiancé: Before the 90 Days 
252,CA,Entertainment,Beanie Feldstein
253,CA,Entertainment,Law & Order Law & Order: Special Victims Unit
254,CA,Entertainment,Emmerdale Michelle Hardwick Vanessa Woodfield
255,CA,Entertainment,Leonardo DiCaprio The Revenant Hugh Glass
256,CA,Entertainment,Laura Pausini Latin Recording Academy Person of the Year
257,CA,Entertainment,Sharon Stone Hollywood Basic Instinct
258,CA,Entertainment,MURAL Festival Montreal Mount Royal
259,CA,Entertainment,Kelly Clarkson Talk show
260,CA,Entertainment,Frankenstein Mary Shelley United Kingdom
261,CA,Entertainment,New York Michelin Guide
262,CA,Entertainment,Lindsay Lohan Instagram
263,CA,Entertainment,Finn Wolfhard Stranger Things Sony PlayStation
264,CA,Entertainment,Steven Spielberg Drew Barrymore 
265,CA,Entertainment,Katie Cassidy Arrow Hallmark Channel
266,CA,Entertainment,Sleepy Hollow Nicole Beharie Tom Mison
267,CA,Entertainment,Karine Vanasse Noovo Bell Media
268,CA,Entertainment,Hollyoaks Soap opera Peri Lomax 
269,CA,Entertainment,Mr. Olympia Arnold Schwarzenegger
270,CA,Entertainment,The Cars New wave Just What I Needed
271,CA,Entertainment,The Game Changers Plant-based diet
272,CA,Entertainment,Spider-Man Tom Holland Spider-Man: Into the Spider-Verse
273,CA,Entertainment,Daniella Karagach Dancing with the Stars
274,CA,Entertainment,General Hospital Laura Spencer Nikolas Cassadine
275,CA,Entertainment,Whisky Fireball Cinnamon Whisky 
276,CA,Entertainment,Crocs Clog
277,CA,Entertainment,James Beard Foundation Award Boise
278,CA,Entertainment,"Meghan, Duchess of Sussex Le Specs"
279,CA,Entertainment,Street Fighter Capcom
280,CA,Entertainment,Hailey Bieber Manicure Nail art
281,CA,Entertainment,Witchcraft Deer Canada Ritual
282,CA,Entertainment,Shazam! Blu-ray disc Warner Bros.
283,CA,Entertainment,Veuve Clicquot Emma Stone 2023
284,CA,Entertainment,Netflix Hip hop music Italy Cardi B
285,CA,Entertainment,Kim Cattrall Ageing Sex and the City
286,CA,Entertainment,Disney+ Hulu Drama
287,CA,Entertainment,Miami Coconut Grove
288,CA,Entertainment,Salma Hayek Instagram Ageing
289,CA,Entertainment,Naomi Osaka Cordae Tennis Gender
290,CA,Entertainment,Spider-Man Action Spider-Man: Into the Spider-Verse
291,CA,Entertainment,Leigh-Anne Pinnock Little Mix Single
292,CA,Entertainment,"Longchamp LE PLIAGE Bag Catherine, Princess of Wales"
293,CA,Entertainment,Batman Michael Keaton The Flash
294,CA,Entertainment,Heather Dubrow Terry Dubrow The Real Housewives of Orange County
295,CA,Entertainment,2023 Foo Fighters
296,CA,Entertainment,Middle Ages Manuscript Monty Python
297,CA,Entertainment,Cécile de France
298,CA,Entertainment,Carrie Bradshaw Sex and the City 
299,CA,Entertainment,Yahya Abdul-Mateen II Tony Awards
300,CA,Entertainment,James Gunn The Flash DC Extended Universe
301,CA,Entertainment,Jennifer Coolidge Mike White Jon Gries
302,CA,Entertainment,Alice Oseman Netflix
303,CA,Entertainment,Ma Dong-seok Action The Outlaws
304,CA,Entertainment,Film festival Tribeca Festival New York
305,CA,Entertainment,Kendall Jenner Instagram
306,CA,Entertainment,John Beasley Everwood The Soul Man
307,CA,Entertainment,Eva Mendes Ryan Gosling Instagram
308,CA,Entertainment,Britain's Got Talent United Kingdom
309,CA,Entertainment,Netflix Tour de France Television documentary
310,CA,Entertainment,Michael Bublé Concert tour Australia
311,CA,Entertainment,Amrita Rao
312,CA,Entertainment,Tom Holland Spider-Man: Far From Home
313,CA,Entertainment,Astrud Gilberto The Girl from Ipanema
314,CA,Entertainment,Gisele Bündchen Tom Brady Brazil
315,CA,Entertainment,Kylie Jenner Rolex TikTok
316,CA,Entertainment,Bindi Irwin Steve Irwin Terri Irwin 
317,CA,Entertainment,Silver Clef Award Raye Nordoff Robbins Music Therapy
318,CA,Entertainment,Helen Mirren Italy Film festival
319,CA,Entertainment,The Flash Ezra Miller Andrés Muschietti
320,CA,Entertainment,Anime Expo 2023
321,CA,Entertainment,Brandi Carlile
322,CA,Entertainment,PGA TOUR
323,CA,Entertainment,Princess Eugenie British royal family
324,CA,Entertainment,Rose Byrne Seth Rogen Neighbors
325,CA,Entertainment,New York Australia Installation art
326,CA,Entertainment,Tarek El Moussa Heather Rae El Moussa
327,CA,Entertainment,Netflix Academy Awards Drama Controversy
328,CA,Entertainment,Roots Picnic Fugees Lauryn Hill The Roots
329,CA,Entertainment,Myrtle Beach South Carolina Long Bay
330,CA,Entertainment,Texas Disco Donnie Presents Solar eclipse
331,CA,Entertainment,Emmerdale Soap opera Kim Tate 
332,CA,Entertainment,Kendall Jenner Kim Kardashian
333,CA,Entertainment,Outlander Starz Sam Heughan Caitriona Balfe
334,CA,Entertainment,Christopher Nolan IMAX Motion Picture Association film rating system
335,CA,Entertainment,Brad Pitt Lil Dicky Drake
336,CA,Entertainment,Bluey BBC Studios South Korea Latin America
337,CA,Entertainment,Inked
338,CA,Entertainment,Jenna Dewan Channing Tatum
339,CA,Entertainment,Charles Baudelaire Poem Louis Arlette
340,CA,Entertainment,Michael J. Fox Back to the Future Parkinson's disease
341,CA,Entertainment,Jeff Garlin The Goldbergs American Broadcasting Company
342,CA,Entertainment,Sigourney Weaver Amazon Prime Video
343,CA,Entertainment,Thor Anthony Hopkins Marvel Cinematic Universe
344,CA,Entertainment,Michael Bibi Lymphoma Primary central nervous system lymphoma
345,CA,Entertainment,Artificial intelligence Mourning Debate
346,CA,Entertainment,Karine Vanasse Noovo Reality television
347,CA,Entertainment,Michael Barnett Kristine Barnett
348,CA,Entertainment,General Hospital Walt Willey All My Children
349,CA,Entertainment,Henry Cavill The Flash Superman 
350,CA,Entertainment,Barun Sobti
351,CA,Entertainment,Queen Camilla Charles III British royal family
352,CA,Entertainment,Catherine Tate BBC One British royal family
353,CA,Entertainment,Shudder Horror Survival Quicksand
354,CA,Entertainment,Māori people Wellington The arts 
355,CA,Entertainment,Batman Andrés Muschietti The Flash
356,CA,Entertainment,Netflix The Boss Baby DreamWorks Animation
357,CA,Entertainment,Nicolas Cage Horror Blu-ray disc 
358,CA,Entertainment,Guns N' Roses Welcome to the Jungle
359,CA,Entertainment,Desperate Housewives Eva Longoria
360,CA,Entertainment,Royal Blood BBC Radio 1's Big Weekend
361,CA,Entertainment,Fortnite Optimus Prime Epic Games
362,CA,Entertainment,Jennifer Lawrence New York
363,CA,Entertainment,RuPaul's Drag Race All Stars RuPaul
364,CA,Entertainment,Laura Dern Jaya Harper Ben Harper
365,CA,Entertainment,Spider-Man: Into the Spider-Verse Spider-Man
366,CA,Entertainment,Canberra Australia 2023
367,CA,Entertainment,Academy Awards
368,CA,Entertainment,Toronto Canada
369,CA,Entertainment,The Twilight Saga Peter Facinelli Vampire
370,CA,Entertainment,Black Mirror Charlie Brooker Anthology series
371,CA,Entertainment,Brian Eno Concert tour Roxy Music
372,CA,Entertainment,Taylor Swift Chicago LGBT
373,CA,Entertainment,World War Z Blade Runner 2049 Science fiction
374,CA,Entertainment,Mental health TikTok
375,CA,Entertainment,Jessica Chastain A Doll's House Broadway theatre
376,CA,Entertainment,Tony Awards
377,CA,Entertainment,Jay-Z Parlux Law Appeal Appellate court
378,CA,Entertainment,Twinkle Khanna Akshay Kumar Koffee with Karan
379,CA,Entertainment,Shia LaBeouf Transformers Indiana Jones and the Kingdom of the Crystal Skull
380,CA,Entertainment,Solo: A Star Wars Story Lucasfilm Men in Black
381,CA,Entertainment,Chafing Product
382,CA,Entertainment,Foreigner 2023
383,CA,Entertainment,K-pop Concert tour The Wall Manila
384,CA,Entertainment,Kim Cattrall Sex and the City Sarah Jessica Parker
385,CA,Entertainment,Michael Hill International Violin Competition
386,CA,Entertainment,Netflix Manuel Garcia-Rulfo
387,CA,Entertainment,Human sexuality Youth
388,CA,Entertainment,Miles Morales Spider-Man: Into the Spider-Verse
389,CA,Entertainment,Ontario Festival of Small Halls Ontario
390,CA,Entertainment,Nicole Polizzi First Communion Jersey Shore
391,CA,Entertainment,Ghost Adventures Zak Bagans Jay Wasley
392,CA,Entertainment,Miles Morales Secret Wars Marvel Cinematic Universe
393,CA,Entertainment,Savannah Guthrie Today Hoda Kotb
394,CA,Entertainment,Top Gear James May Andrew Flintoff
395,CA,Sci/Tech,Supernova Star Pinwheel Galaxy 
396,CA,Sci/Tech,Travel visa United Arab Emirates
397,CA,Sci/Tech,Albert Einstein Mathematics Aperiodic tiling
398,CA,Sci/Tech,Thermal paste Nintendo Central processing unit
399,CA,Sci/Tech,NASA Moon landing Exploration of the Moon
400,CA,Sci/Tech,Xiaomi Smartphone Samsung Galaxy
401,CA,Sci/Tech,India Smartphone
402,CA,Sci/Tech,International Space Station NASA 
403,CA,Sci/Tech,Star Astronomy Light pollution Sky
404,CA,Sci/Tech,Extraterrestrial life Space Search for extraterrestrial intelligence
405,CA,Sci/Tech,Smartwatch Noise Bluetooth India
406,CA,Sci/Tech,Sonos Soundbar Father's Day
407,CA,Sci/Tech,Star Milky Way Galaxy Exoplanet
408,CA,Sci/Tech,Fitbit Google
409,CA,Sci/Tech,Cologne Germany
410,CA,Sci/Tech,Google Chrome Web browser Random-access memory
411,CA,Sci/Tech,MediaTek Smartphone Chipset Qualcomm
412,CA,Sci/Tech,Giant Bicycles Downhill mountain biking
413,CA,Sci/Tech,Black hole General relativity Physics
414,CA,Sci/Tech,Earth Mountain Geology Scientist
415,CA,Sci/Tech,Chatbot Artificial intelligence Instagram
416,CA,Sci/Tech,Brightcove Microsoft Corporation 
417,CA,Sci/Tech,Twitch Headphones Indentation
418,CA,Sci/Tech,Snapdragon Apple Integrated circuit
419,CA,Sci/Tech,Neanderthal Chemistry Distillation
420,CA,Sci/Tech,Photosynthesis Beckman Coulter 
421,CA,Sci/Tech,Xbox One Sony PlayStation
422,CA,Sci/Tech,NASA Lunar rover Lunar Roving Vehicle
423,CA,Sci/Tech,Dark matter Dark energy Star Universe
424,CA,Sci/Tech,Point-and-shoot camera
425,CA,Sci/Tech,Gmail Google Artificial intelligence
426,CA,Sci/Tech,3D printing Organ Neoplasm Robot-assisted surgery
427,CA,Sci/Tech,Google Pixel Android
428,CA,Sci/Tech,Garmin Fenix Smartwatch
429,CA,Sci/Tech,LG IPS panel 4K resolution HDMI
430,CA,Sci/Tech,Hibernation Torpor Ultrasound Mouse
431,CA,Sci/Tech,Smartphone India Amazon.com
432,CA,Sci/Tech,Volvo Cars SUV Electric vehicle
433,CA,Sci/Tech,OPPO India
434,CA,Sci/Tech,Rocksmith Ubisoft Android iOS
435,CA,Sci/Tech,Venus Rocket Lab 2025 NASA
436,CA,Sci/Tech,Solid-state drive Samsung PRO Series
437,CA,Sci/Tech,Nintendo Loot box Mario Kart Loot
438,CA,Sci/Tech,Adobe Adobe Creative Cloud
439,CA,Sci/Tech,Samsung Galaxy Discounts and allowances
440,CA,Sci/Tech,Sony Xperia V
441,CA,Sci/Tech,watchOS Apple Watch Operating system
442,CA,Sci/Tech,Nintendo The Legend of Zelda Video game console
443,CA,Sci/Tech,Artificial intelligence Snapchat Chatbot
444,CA,Sci/Tech,"Warhammer 40,000 Games Workshop"
445,CA,Sci/Tech,Greenhouse gas
446,CA,Sci/Tech,The Canadian Canoe Museum Peterborough
447,CA,Sci/Tech,Mazda CX-5 Canada
448,CA,Sci/Tech,Cyberpunk 2077 CD Projekt RED
449,CA,Sci/Tech,Nvidia Artificial intelligence
450,CA,Sci/Tech,Street Fighter Capcom
451,CA,Sci/Tech,India Mobile phone
452,CA,Sci/Tech,Isotope Chemistry Information Yield
453,CA,Sci/Tech,Riot Games League of Legends
454,CA,Sci/Tech,Artificial intelligence iPhone iOS 
455,CA,Sci/Tech,Amazon Fire Tablet computer Amazon
456,CA,Sci/Tech,Madden NFL Electronic Arts EA Sports
457,CA,Sci/Tech,Reddit Application programming interface
458,CA,Sci/Tech,Gravity
459,CA,Sci/Tech,Huawei Activity tracker Xiaomi Mi Band
460,CA,Sci/Tech,James Webb Space Telescope Saturn
461,CA,Sci/Tech,Nintendo Video game console The Legend of Zelda: Breath of the Wild
462,CA,Sci/Tech,Student Canada International Space Station
463,CA,Sci/Tech,Anker Battery charger USB-C USB
464,CA,Sci/Tech,Android Microsoft Windows Microsoft Corporation
465,CA,Sci/Tech,Motorola
466,CA,Sci/Tech,Quantum computing Computing Daniel Lidar
467,CA,Sci/Tech,Apple iOS iPhone Operating system
468,CA,Sci/Tech,Universe
469,CA,Sci/Tech,Intel ASUS Mini PC Minicomputer
470,CA,Sci/Tech,Porsche 911
471,CA,Sci/Tech,Earth Mountain Geology Mantle
472,CA,Sci/Tech,Virtual private network Netflix Encryption
473,CA,Sci/Tech,Artificial photosynthesis Space Mars
474,CA,Sci/Tech,Diversity
475,CA,Sci/Tech,PlayStation 4 Sony PlayStation Adventure game
476,CA,Sci/Tech,Microsoft Corporation Podcast Worldwide Developers Conference
477,CA,Sports,Inter Miami CF Lionel Messi David Beckham
478,CA,Sports,ICC World Test Championship India national cricket team
479,CA,Sports,Toronto FC Canada CF Montréal 
480,CA,Sports,Le Mans Ligier Auto racing 24 Hours of Le Mans
481,CA,Sports,Chicago White Sox Yasmani Grandal
482,CA,Sports,Air quality index Fergus Elora District Soccer Association
483,CA,Sports,Quarterback Jake Maier Bo Levi Mitchell
484,CA,Sports,Jacob deGrom Texas Rangers Ulnar collateral ligament reconstruction
485,CA,Sports,Track and field National Collegiate Athletics Association
486,CA,Sports,Canada Air quality index Ottawa
487,CA,Sports,PGA TOUR Jay Monahan Geoff Ogilvy
488,CA,Sports,PGA TOUR Saudi Arabia
489,CA,Sports,NASCAR 24 Hours of Le Mans Hendrick Motorsports
490,CA,Sports,Steven Kwan Cleveland Guardians 
491,CA,Sports,Memphis Grizzlies NBA Adam Silver
492,CA,Sports,England cricket team The Ashes Test cricket
493,CA,Sports,Canada Wildfire New York New York Yankees
494,CA,Sports,Track and field Ontario Federation of School Athletic Associations
495,CA,Sports,Montreal Alouettes Cody Fajardo Canadian Football League
496,CA,Sports,24 Hours of Le Mans Le Mans Automobiles Alpine
497,CA,Sports,Tiger Woods PGA TOUR Canadian Open
498,CA,Sports,Minnesota Twins Cleveland Guardians
499,CA,Sports,Sûreté du Québec Kanesatake Lands
500,CA,Sports,Electronic Arts FIFA EA Sports point
501,CA,Sports,Cristiano Ronaldo Al-Nassr FC Saudi Arabia
502,CA,Sports,Michael Thomas New Orleans Saints
503,CA,Sports,Quandre Diggs Seattle Seahawks 
504,CA,Sports,PGA TOUR Saudi Arabia Meritocracy
505,CA,Sports,Ecuador Ecuador national football team
506,CA,Sports,Canadian Open Canada PGA TOUR
507,CA,Sports,Tiger Woods Rose Zhang Viktor Hovland
508,CA,Sports,Philadelphia Flyers NHL Entry Draft
509,CA,Sports,FC Bayern Munich Alphonso Davies
510,CA,Sports,Brampton Honey Badgers Honey badger
511,CA,Sports,Arsenal F.C. Folarin Balogun Stade de Reims
512,CA,Sports,Kansas City Chiefs NFL
513,CA,Sports,Churchill Downs Horse racing
514,CA,Sports,Tour de France Road bicycle racing
515,CA,Sports,Andy Murray Wimbledon Surbiton Trophy
516,CA,Sports,Cleveland Browns Greg Newsome II
517,CA,Sports,Carolina Panthers TicketManager 
518,CA,Sports,Canadian Grand Prix Formula 1 Canada
519,CA,Sports,Valeri Nichushkin Colorado Avalanche
520,CA,Sports,England national football team Nike
521,CA,Sports,Belmont Stakes Belmont Park The Kentucky Derby
522,CA,Sports,Boston Red Sox Tampa Bay Rays MLB
523,CA,Sports,Formula 1 Sky Sports Sports commentator
524,CA,Sports,Paris 2024 Summer Olympics Summer Olympic Games
525,CA,Sports,Bag Discounts and allowances
526,CA,Sports,Los Angeles Dodgers Catholic Church
527,CA,Sports,Indianapolis Colts NFL Isaiah Rodgers
528,CA,Sports,Vini Jr. Racism Real Madrid CF Spain
529,CA,Sports,Gurmeet Singh Goalkeeper India 
530,CA,Sports,Bull riding Bull
531,CA,Sports,Detroit Tigers Stress fracture Injury
532,CA,Sports,Morocco Morocco national football team
533,CA,Sports,Toronto Arrows Rugby union Major League Rugby
534,CA,Sports,Track and field Pole vault 2023 Nashville
535,CA,Sports,Haas F1 Team Nico Hülkenberg Formula racing
536,CA,Sports,24 Hours of Le Mans Le Mans Motorsport
537,CA,Sports,New York Yankees Chicago White Sox
538,CA,Sports,Lamar Hunt U.S. Open Cup FC Cincinnati
539,CA,Sports,Arizona Diamondbacks Torey Lovullo
540,CA,Sports,Harvard Crimson women's ice hockey
541,CA,Sports,Paris Olympic Games International Olympic Committee
542,CA,Sports,Ben Stokes England cricket team The Ashes
543,CA,Sports,Rory McIlroy PGA TOUR
544,CA,Sports,Tampa Bay Rays Minnesota Twins 
545,CA,Sports,Liverpool F.C. Alexis Mac Allister Brighton & Hove Albion F.C.
546,CA,Sports,Racism England Race
547,CA,Sports,Tessa Virtue Taylor Swift Chicago 
548,CA,Sports,Kansas City Chiefs Joe Biden Travis Kelce
549,CA,Sports,PGA TOUR Jay Monahan
550,CA,Sports,Jim Kelly Buffalo Bills Super Bowl 
551,CA,Sports,Chicago White Sox New York Yankees
552,CA,Sports,Swimming Canada Chief Executive Officer
553,CA,Sports,Saskatchewan Roughriders Kienan LaFrance
554,CA,Sports,Bouldering Adam Ondra Prague 
555,CA,Sports,PGA TOUR Adam Hadwin Canadian Open
556,CA,Sports,Kansas City Royals Colorado Rockies
557,CA,Sports,Josh Naylor Cleveland Guardians 
558,CA,Sports,Russia Olympic Games 2024 Summer Olympics
559,CA,Sports,Lionel Messi FC Barcelona Paris Saint-Germain F.C.
560,CA,Sports,Trail running Marathon
561,CA,Sports,Eventing Bromont
562,CA,Sports,Tackle
563,CA,Sports,Motocross Accident BMX X Games
564,CA,Sports,Giannis Antetokounmpo Milwaukee Bucks
565,CA,Sports,Secretariat Triple Crown of Thoroughbred Racing
566,CA,Sports,Philadelphia Flyers Carter Hart National Hockey League
567,CA,Sports,Greece Villa
568,CA,Sports,FC Barcelona Saudi Arabia İlkay Gündoğan
569,CA,Sports,Manchester United F.C. Wrexham A.F.C.
570,CA,Sports,Kansas City Monarchs American Association of Professional Baseball
571,CA,Sports,CF Montréal Canadian Championship
572,CA,Sports,Gus Macker 3-on-3 Basketball Tournament
573,CA,Sports,Triathlon Parachute Accident
574,CA,Sports,Leeds United Illan Meslier EFL Championship
575,CA,Sports,Canada Argentina Pan American Games
576,CA,Sports,Minnesota Twins Jorge Polanco Cleveland Guardians
577,CA,Sports,Portland Thorns FC OL Reign National Women's Soccer League
578,CA,Sports,European Open PGA European Tour
579,CA,Sports,Volunteering Special Olympics Alberta
580,CA,Sports,Superbon Singha Mawynn ONE Championship
581,CA,Sports,Buffalo Bills Brandon Shell NFL Tackle
582,CA,Sports,Arjan Bhullar ONE Championship Mixed martial arts
583,CA,Sports,Husky Stadium American football 
584,CA,Sports,Poker Kenneth O'Donnell Texas hold 'em
585,CA,Sports,Carolina Panthers Deebo Samuel Frank Reich
586,CA,Sports,Relief pitcher Miami Marlins Kansas City Royals
587,CA,Sports,FIFA U20 World Cup Israel Brazil national football team
588,CA,Sports,Philadelphia Phillies Washington Nationals
589,CA,Sports,Milwaukee Brewers Orioles MLB 
590,CA,Sports,A.C. Milan Paolo Maldini Serie A Frederic Massara
591,CA,Sports,Omaha Storm Chasers Memphis Redbirds
592,CA,Sports,Pittsburgh Pirates Oakland Athletics
593,CA,Sports,Orlando City SC New York Red Bulls
594,CA,Sports,Alex Killorn Tampa Bay Lightning National Hockey League
595,CA,Sports,Nashville Vanderbilt University Oregon Ducks baseball
596,CA,Sports,Marcell Ozuna Atlanta Braves MLB
597,CA,Sports,Triple jump Track and field Canada
598,CA,Sports,ESL 2023 Katowice Counter-Strike: Global Offensive
599,CA,Sports,Pittsburgh Pirates St. Louis Cardinals
600,CA,Sports,Montreal Alouettes Canadian Football League
601,CA,Sports,New Orleans Saints Michael Thomas
602,CA,Sports,Women's College World Series Softball
603,CA,Sports,Zlatan Ibrahimović A.C. Milan Serie A
604,CA,Sports,Fantasy football Saskatchewan Roughriders
605,CA,Sports,Olympic Games Career Saskatchewan
606,CA,Sports,Miami Marlins Oakland Athletics MLB
607,CA,Sports,Celtic F.C. Scottish Cup
608,CA,Sports,Pakistan Tennis Grand Slam Huzaifa Abdul Rehman
609,CA,Sports,Irena Szewińska Track and field World Athletics
610,CA,Sports,Kentucky Oaks Belmont Park Acorn Stakes
611,CA,Sports,San Antonio Spurs NBA Draft
612,CA,Sports,International Surfing Association 2024 Summer Olympics
613,CA,Sports,"Sportsbook FanDuel Caesars Holdings, Inc."
614,CA,Sports,Red Bull Racing Christian Horner Formula 1
615,CA,Sports,Milwaukee Bucks Head coach Adrian Griffin
616,CA,Sports,Bernie Ecclestone Formula 1 United Kingdom
617,CA,Sports,Ozzie Albies Atlanta Braves MLB 
618,CA,Sports,San Diego Padres MLB Chicago Cubs
619,CA,Sports,24 Hours of Le Mans Ferrari S.p.A. 
620,CA,Sports,Track and field Running track
621,CA,Sports,Soap Box Derby Kingston Gravity racer
622,CA,Sports,Para-athletics Athletics World Para Athletics Championships
623,CA,Sports,Celtic F.C. Scottish Cup Inverness Caledonian Thistle F.C.
624,CA,Sports,Texas Rangers MLB
625,CA,Sports,Carlo Ancelotti Real Madrid CF Brazil national football team
626,CA,Sports,Europe France
627,CA,Sports,Trea Turner Philadelphia Phillies Detroit Tigers
628,CA,Sports,ATP Challenger Tour Tennis Surbiton
629,CA,Sports,Women's College World Series Softball
630,CA,Sports,American football College Football
631,CA,Sports,Ottawa Senators Alex DeBrincat National Hockey League
632,CA,Sports,Critérium du Dauphiné Steven Kruijswijk
633,CA,Sports,Montreal Alouettes Hamilton Tiger-Cats
634,CA,Sports,Rutgers Scarlet Knights football American football
635,CA,Sports,U.S. Open PGA TOUR
636,CA,Sports,New York Yankees Yankee Stadium 
637,CA,Sports,Pipeline transport
638,CA,Sports,2024 Summer Olympics Paris Olympic Games
639,CA,Sports,Beneil Dariush Charles Oliveira Ultimate Fighting Championship
640,CA,Sports,Paris 2024 Summer Olympics Summer Olympic Games
641,CA,Sports,Freestore Foodbank Food bank Cincinnati
642,CA,Sports,Ping Masters Tournament PGA TOUR
643,CA,Sports,New York Mets Atlanta Braves MLB
644,CA,Sports,New York State Public High School Athletic Association
645,CA,Sports,Paris Saint-Germain F.C. Lucas Hernandez
646,CA,Sports,Usain Bolt Track and field Sprint World Athletics
647,CA,Sports,Basketball 3x3 basketball French Federation of Basketball
648,CA,Sports,Mexico national football team Mexico
649,CA,Sports,Bottega Veneta Earring
650,CA,Sports,Boston Red Sox Cleveland Guardians
651,CA,Sports,Lionel Messi Apple 2022 World Cup
652,CA,Sports,Oleksandr Usyk Anthony Joshua Tyson Fury
653,CA,Sports,George Springer Toronto Blue Jays
654,CA,Sports,Downhill mountain biking Lenzerheide
655,CA,Sports,Alex Rodriguez Periodontal disease
656,CA,Sports,Paris Saint-Germain F.C. Marcus Thuram
657,CA,Sports,Jerry Jones Dak Prescott Jimmy Johnson
658,CA,Sports,Cycle polo
659,CA,Sports,2023 Cross-country skiing Slopestyle
660,CA,Sports,PGA TOUR
661,CA,Sports,Major League Baseball Players Association
662,CA,Sports,Montreal Gary Carter Ahuntsic-Cartierville
663,CA,Sports,Syracuse Mets Lehigh Valley IronPigs
664,CA,Sports,Tennessee Titans Kevin Byard Mini-camp
665,CA,Sports,Stuart Broad Ben Stokes England cricket team
666,CA,Sports,Leeds United Andrea Radrizzani San Francisco 49ers
667,CA,Sports,ONE Championship Mixed martial arts
668,CA,Sports,Pakistan Afghanistan Detention
669,CA,Sports,Pickleball Fenway Park Fenway–Kenmore
670,CA,Sports,Frank de Boer Al Jazira Club Crystal Palace F.C.
671,CA,Sports,Atlanta Braves New York Mets Pete Alonso
672,CA,Sports,Harness racing Century Downs Racetrack and Casino
673,CA,Sports,Plattsburgh High School Baseball Final four
674,CA,Sports,Luciano Spalletti S.S.C. Napoli Serie A
675,CA,Sports,Patrick Mahomes NFL Kansas City Chiefs
676,CA,Sports,Los Angeles Dodgers Cincinnati Reds
677,CA,Sports,U.S. Open PGA Championship PGA TOUR
678,CA,Sports,Electronic Arts Nintendo
679,CA,Sports,Los Angeles Dodgers New York Yankees
680,CA,Sports,Michelob Ultra NBA Beer AB InBev
681,CA,Sports,Ottawa Redblacks Quarterback Jeremiah Masoli
682,CA,Sports,Buffalo Bills Leonard Floyd NFL Los Angeles Rams
683,CA,Sports,Michael van Gerwen Professional Darts Corporation
684,CA,Sports,Canadian Open Canada PGA TOUR
685,CA,Sports,Arizona Diamondbacks Washington Nationals
686,CA,Sports,Shannon Sharpe Skip and Shannon: Undisputed
687,CA,Sports,Tahiti Olympic Games Surfing 2024 Summer Olympics
688,CA,Sports,FC Barcelona UEFA Women's Champions League
689,CA,Sports,Special Olympics Ontario Track and field
690,CA,Sports,ONE Championship Muay Thai
691,CA,Sports,Poland Shot put Hammer throw Tom Walsh
692,CA,Sports,Jake Cave International League Philadelphia Phillies
693,CA,Top stories,Bank of Canada - Banque du Canada
694,CA,Top stories,CNN David Zaslav Discovery Chris Licht
695,CA,Top stories,Susan Boyle Britain's Got Talent
696,CA,Top stories,Inter Miami CF Lionel Messi David Beckham
697,CA,Top stories,New York Canada Wildfire Atmosphere of Earth
698,CA,Top stories,Aviation accident and incident Jamestown
699,CA,Top stories,Wildfire Atmosphere of Earth Canada
700,CA,Top stories,The Boppy Company LLC Boppy Product recall
701,CA,Top stories,Air India Russia San Francisco
702,CA,Top stories,ICC World Test Championship India national cricket team
703,CA,Top stories,Toronto FC Canada CF Montréal 
704,CA,Top stories,Vladimir Putin Russia South Africa
705,CA,Top stories,Arctic Ice Sea ice 2030 Greenhouse gas
706,CA,Top stories,Wildfire British Columbia Peachland
707,CA,Top stories,Kingston Council Zoning Plan Strategic planning
708,CA,Top stories,Mark Meadows Donald Trump Grand jury
709,CA,Top stories,Alexei Navalny Russia The Moscow Kremlin
710,CA,Top stories,Reserve Bank of Australia Australia
711,CA,Top stories,Quarterback Jake Maier Bo Levi Mitchell
712,CA,Top stories,BC Ferries British Columbia Buffet
713,CA,Top stories,Federal Reserve System Jerome Powell
714,CA,Top stories,Alan Joyce Qantas Chief Executive Officer
715,CA,Top stories,Canadian Championship Vancouver Whitecaps FC
716,CA,Top stories,Ivan Menezes Diageo Chief Executive Officer
717,CA,Top stories,South Africa Government Cyril Ramaphosa
718,CA,Top stories,Synchronous condenser Market research
719,CA,Top stories,"Nigeria Airstrike Civilian Human Rights Watch, Inc."
720,CA,Top stories,Wildfire British Columbia Vancouver Island
721,CA,Top stories,Jacob deGrom Texas Rangers Ulnar collateral ligament reconstruction
722,CA,Top stories,Just for Laughs Comedy Festival Toronto
723,CA,Top stories,Windsor Cadaver Missing person
724,CA,Top stories,Track and field National Collegiate Athletics Association
725,CA,Top stories,Wildfire Forest Safety Air quality index
726,CA,Top stories,Northern Sea Route Russia Arctic
727,CA,Top stories,Panama Darién Gap Colombia Organized crime
728,CA,Top stories,Salma Hayek Instagram Ageing
729,CA,Top stories,Zack Snyder Netflix
730,CA,Top stories,Meta Washington Cambridge Analytica
731,CA,Top stories,Supernova Star Pinwheel Galaxy 
732,CA,Top stories,"Asana, Inc. Artificial intelligence Project management"
733,CA,Top stories,Roger Waters Pink Floyd Antisemitism
734,CA,Top stories,Cloud computing Industry
735,CA,Top stories,Air pollution India Atmosphere of Earth
736,CA,Top stories,Wildfire Canada Climate change
737,CA,Top stories,India Lloyd Austin Rajnath Singh United States Secretary of Defense
738,CA,Top stories,PGA TOUR Jay Monahan Geoff Ogilvy
739,CA,Top stories,Farmers Insurance Group Employee
740,CA,Top stories,Breast cancer Research
741,CA,Top stories,Michel Côté Quebec
742,CA,Top stories,NASCAR 24 Hours of Le Mans Hendrick Motorsports
743,CA,Top stories,PGA TOUR Saudi Arabia
744,CA,Top stories,Cattle Bull New Zealand
745,CA,Top stories,Brant Ontario
746,CA,Top stories,Travel visa United Arab Emirates
747,CA,Top stories,Procurement Resource Petroleum 
748,CA,Top stories,Tanzania Maasai people Amnesty International
749,CA,Top stories,Vaxart Nasdaq NASDAQ:VXRT Finance
750,CA,Top stories,Shangri-La Dialogue Singapore China
751,CA,Top stories,Jordan Banjo Sepsis Meningitis Diversity
752,CA,Top stories,Strategic planning Deficit spending
753,CA,Top stories,G-III Apparel Group NASDAQ:GIII 
754,CA,Top stories,Canada Wildfire New York New York Yankees
755,CA,Top stories,Track and field Ontario Federation of School Athletic Associations
756,CA,Top stories,Lululemon Athletica Employee Calvin McDonald
757,CA,Top stories,Kansas City Royals Colorado Rockies
758,CA,Top stories,Ontario 404 Caledon Toronto
759,CA,Top stories,England cricket team The Ashes Test cricket
760,CA,Top stories,Antarctica Australia Antarctic ice sheet
761,CA,Top stories,Asylum seeker Mexico Joe Biden 
762,CA,Top stories,Montreal Alouettes Cody Fajardo Canadian Football League
763,CA,Top stories,Muammar Gaddafi Hunger strike Lebanon
764,CA,Top stories,24 Hours of Le Mans Le Mans Automobiles Alpine
765,CA,Top stories,Michael J. Fox Museum of the Moving Image
766,CA,Top stories,PGA TOUR Jay Monahan
767,CA,Top stories,Silicon dioxide Forecasting Industry
768,CA,Top stories,Zimbabwe Reserve Bank of Zimbabwe
769,CA,Top stories,Reach Out Centre Food Bank (Port Cares)
770,CA,Top stories,Russia Vladimir Putin Icon Patriarch
771,CA,Top stories,Atlanta Protest
772,CA,Top stories,Minnesota Twins Cleveland Guardians
773,CA,Top stories,British Columbia Human rights Mineral
774,CA,Top stories,Bangko Sentral ng Pilipinas Central bank
775,CA,Top stories,Adolf Hitler Belfast Eva Braun
776,CA,Top stories,Grey's Anatomy Ellen Pompeo Katherine Heigl
777,CA,Top stories,Veterinary medicine University of Montreal
778,CA,Top stories,Petroleum Energy Information Administration
779,CA,Top stories,Cristiano Ronaldo Al-Nassr FC Saudi Arabia
780,CA,Top stories,Billy Joel Madison Square Garden 
781,CA,Top stories,Virginia Richmond School
782,CA,Top stories,Michael Thomas New Orleans Saints
783,CA,Top stories,Campfire Canada Wildfire British Columbia
784,CA,Top stories,United Kingdom Reimbursement Financial services
785,CA,Top stories,"International Flavors & Fragrances, Inc."
786,CA,Top stories,TSMC Germany Taiwan Mark Liu
787,CA,Top stories,Montana Butte Drag Law
788,CA,Top stories,Lizzo Twitter
789,CA,Top stories,Cleaning Hygiene
790,CA,Top stories,Boil-water advisory Saint-Lazare
791,CA,Top stories,PGA TOUR Saudi Arabia Meritocracy
792,CA,Top stories,Saint-Gobain Industry Forecasting
793,CA,Top stories,Welded wire mesh Welding Industry
794,CA,Top stories,Lightning strike Wichita Ice cream
795,CA,Top stories,Ecuador Ecuador national football team
796,CA,Top stories,Human Rights Campaign LGBT State of emergency
797,CA,Top stories,Balance of trade Deficit spending 
798,CA,Top stories,Malaysia Saifuddin Nasution Ismail 
799,CA,Top stories,Fungus Fungal meningitis Mexico
800,CA,Top stories,Hydrogen India Steel Renewable energy
801,CA,Top stories,Reserve Bank of Australia Australia
802,CA,Top stories,Climate change Sustainability Food system
803,CA,Top stories,Dollarama Canada Inflation
804,CA,Top stories,Canadian Open Canada PGA TOUR
805,CA,Top stories,Arsenic Metal toxicity Public health
806,CA,Top stories,Chesapeake Bay Environmental justice
807,CA,Top stories,Wildfire Okanagan-Similkameen Canada
808,CA,Top stories,International Civil Aviation Organization
809,CA,Top stories,China Xi Jinping National security
810,CA,Top stories,Literature Indigenous peoples
811,CA,Top stories,Kaley Cuoco Accident The Big Bang Theory
812,CA,Top stories,Wildfire Halifax Regional Municipality
813,CA,Top stories,BASF Forecasting Industry DSM
814,CA,Top stories,Tunisia Italy Giorgia Meloni International Monetary Fund (IMF)
815,CA,Top stories,FC Bayern Munich Alphonso Davies
816,CA,Top stories,Airline seat
817,CA,Top stories,Israel Benjamin Netanyahu Joe Biden
818,CA,Top stories,Kaley Cuoco Chris Messina True crime
819,CA,Top stories,Colombia Aviation accident and incident
820,CA,Top stories,RuPaul's Drag Race France 2 Drag queen
821,CA,Top stories,Samsung Galaxy Discounts and allowances
822,CA,Top stories,Atmosphere of Earth Biodiversity 
823,CA,Top stories,Flood Türkiye Ankara
824,CA,Top stories,Kenny Omega Jon Moxley Steel Cage
825,CA,Top stories,Aaron Judge New York Yankees Los Angeles Dodgers
826,CA,Top stories,Cryptocurrency Internet meme
827,CA,Top stories,HSBC Hong Kong Protest League of Social Democrats
828,CA,Top stories,Arsenal F.C. Folarin Balogun Stade de Reims
829,CA,Top stories,Kongsberg Maritime Kongsberg Gruppen
830,CA,Top stories,Richmond Virginia
831,CA,Top stories,Tour de France Road bicycle racing
832,CA,Top stories,Free trade area Civil society Burkina Faso
833,CA,Top stories,Françoise Gilot Pablo Picasso Painter
834,CA,Top stories,Andy Murray Wimbledon Surbiton Trophy
835,CA,Top stories,Cleveland Browns Greg Newsome II
836,CA,Top stories,Japan Fiscal policy Fumio Kishida
837,CA,Top stories,Dog Dog bite United States Postal Service
838,CA,Top stories,The Crowded Room Tom Holland Amanda Seyfried
839,CA,Top stories,3M Respirator fit test Research Industry
840,CA,Top stories,Pittsburgh Pirates Oakland Athletics
841,CA,Top stories,Carolina Panthers TicketManager 
842,CA,Top stories,Pete Davidson People for the Ethical Treatment of Animals
843,CA,Top stories,Barbie Greta Gerwig Margot Robbie
844,CA,Top stories,Research Forecasting Industry Report
845,CA,Top stories,Attack Afghanistan Suicide attack
846,CA,Top stories,"Health, Fitness and Wellness Yoga"
847,CA,Top stories,It Wasn't Me Shaggy Cheating in a relationship
848,CA,Top stories,Transcontinental Enterprise Finance
849,CA,Top stories,Dalíland Mary Harron Salvador Dalí
850,CA,Top stories,WWE Monday Night RAW Trish Stratus
851,CA,Top stories,Camping World Hitch RV Roy Robinson RV Center
852,CA,Top stories,Volvo Cars Automotive industry Geely
853,CA,Top stories,Belmont Stakes Belmont Park The Kentucky Derby
854,CA,Top stories,Boston Red Sox Tampa Bay Rays MLB
855,CA,Top stories,Infrastructure Industry
856,CA,Top stories,Brazil Indigenous peoples Luiz Inácio Lula da Silva
857,CA,Top stories,Canada Finance Equifax Debt TransUnion
858,CA,Top stories,2030 France Culture
859,CA,Top stories,Nick Cannon Presents: Wild 'n Out D.C. Young Fly
860,CA,Top stories,"Chesa Boudin District attorney University of California, Berkeley"
861,CA,Top stories,SUV Australia
862,CA,Top stories,Saskatchewan Audit Auditor's report
863,CA,Top stories,Trend Micro Cybereason Palo Alto Networks
864,CA,Top stories,Vancouver Missing person False Creek
865,CA,Top stories,Singapore Morgan Stanley Finance
866,CA,Top stories,Infrared detector Radar detector Forecasting
867,CA,Top stories,Kazakhstan Reuters Petroleum
868,CA,Top stories,Joe Biden Christopher A. Wray James Comer
869,CA,Top stories,World Tourism Organization Europe
870,CA,Top stories,Ocean Climate change Canada
871,CA,Top stories,Colorcon Inc Film coating Manufacturing
872,CA,Top stories,Wildfire Fort Chipewyan Alberta 
873,CA,Top stories,Festival international de la chanson de Granby
874,CA,Top stories,DNA Cold case Oakland County 
875,CA,Top stories,Wildfire Manitoba Canada Lightning strike
876,CA,Top stories,Namibia Petroleum Energy
877,CA,Top stories,Drug cartel Mexico Call centre Cadaver
878,CA,Top stories,Forecasting Market research Report
879,CA,Top stories,South Africa Singapore Procurement
880,CA,Top stories,Janelle Monáe Concert tour
881,CA,Top stories,Bill Cosby Playboy
882,CA,Top stories,Russia Conspiracy theory Artificial intelligence
883,CA,Top stories,Haiti Mirlande Manigat Jamaica Caribbean Community
884,CA,Top stories,United States Army Corps of Engineers
885,CA,Top stories,Bag Discounts and allowances
886,CA,Top stories,Los Angeles Dodgers Catholic Church
887,CA,Top stories,Wildfire Drought Denmark Netherlands
888,CA,Top stories,Lotto Max Lottery
889,CA,Top stories,Indianapolis Colts NFL Isaiah Rodgers
890,CA,Top stories,Spider-Man Spider-Man: Homecoming
891,CA,Top stories,Elle Fanning
892,CA,Top stories,Heidi Montag Kristin Cavallari The Hills
893,CA,Top stories,Dust storm Egypt
894,CA,Top stories,Tesla Model 3 Electric vehicle
895,CA,Top stories,Labour Party Conservative Party United Kingdom
896,CA,Top stories,Gwede Mantashe South Africa Nuclear power
897,CA,Top stories,China Export Automotive industry
898,CA,Top stories,Report Industry 2030
899,CA,Top stories,Point of sale Software Industry
900,CA,Top stories,Hainan China Durian Fruit
901,CA,Top stories,Detroit Tigers Stress fracture Injury
902,CA,Top stories,Biodiesel Industry Forecasting
903,CA,Top stories,China Lloyd Austin Singapore
904,CA,Top stories,WNBA Las Vegas Aces Indiana Fever
905,CA,Top stories,Confederation of British Industry C B I
906,CA,Top stories,Morocco Morocco national football team
907,CA,Top stories,Toronto Arrows Rugby union Major League Rugby
908,CA,Top stories,Recreation June Canada
909,CA,Top stories,Wildfire Canada
910,CA,Top stories,Morocco Export Vegetable Europe
911,CA,Top stories,Canada Inflation Foodservice Consumer
912,CA,Top stories,The Girl from Ipanema Astrud Gilberto
913,CA,Top stories,Star Alliance Chief Executive Officer
914,CA,Top stories,Goa Chief minister Pramod Sawant
915,CA,Top stories,Lindsay Kawartha Lakes
916,CA,Top stories,Spider-Man Spider-Man: Into the Spider-Verse
917,CA,Top stories,Joe Biden 2024 Hispanic Hispanic and Latino Americans
918,CA,Top stories,China Taiwan Wang Huning Cross-Strait relations
919,CA,Top stories,Xiaomi Smartphone Samsung Galaxy
920,CA,Top stories,Forecasting 2030 Industry
921,CA,Top stories,Qatar Smart city Sustainability Urban planning
922,CA,Top stories,Ben Roberts-Smith Australia War crime
923,CA,Top stories,Joran van der Sloot Peru Disappearance of Natalee Holloway
